ID,Product Name,Link,Product Image,Price,Details,Categories,Gender
1,BLOUSE WITH JABOT FRILLS AND PEARL BEAD BUTTONS,https://www.zara.com/in/en/blouse-with-jabot-frills-and-pearl-bead-buttons-p07969230.html,"[{'https://static.zara.net/photos///2023/I/0/1/p/7969/230/250/2/w/448/7969230250_1_1_1.jpg?ts=1692889132974': 'Image 0 of BLOUSE WITH JABOT FRILLS AND PEARL BEAD BUTTONS from Zara'}, {'https://static.zara.net/photos///2023/I/0/1/p/7969/230/250/2/w/448/7969230250_2_1_1.jpg?ts=1692889132926': 'Image 1 of BLOUSE WITH JABOT FRILLS AND PEARL BEAD BUTTONS from Zara'}]","₹2,990.00",Collared blouse featuring long sleeves with slit cuffs. Jabot frills on the front. Button-up front hidden by a button placket and pearl bead appliqués on the collar and cuffs.,Shirt,Women
2,OXFORD SHIRT,https://www.zara.com/in/en/oxford-shirt-p08372290.html,"[{'https://static.zara.net/photos///2023/I/0/1/p/8372/290/043/2/w/448/8372290043_1_1_1.jpg?ts=1691149126067': 'Image 0 of OXFORD SHIRT from Zara'}, {'https://static.zara.net/photos///2023/I/0/1/p/8372/290/043/2/w/448/8372290043_2_1_1.jpg?ts=1691149127390': 'Image 1 of OXFORD SHIRT from Zara'}]","₹2,590.00","Shirt with a johnny collar, long sleeves and a button-up front.",Shirt,Women
3,SEMI-SHEER RHINESTONE SHIRT,https://www.zara.com/in/en/semi-sheer-rhinestone-shirt-p07484162.html,"[{'https://static.zara.net/photos///2023/I/0/1/p/7484/162/712/2/w/448/7484162712_1_1_1.jpg?ts=1692879489420': 'Image 0 of SEMI-SHEER RHINESTONE SHIRT from Zara'}, {'https://static.zara.net/photos///2023/I/0/1/p/7484/162/712/2/w/448/7484162712_2_1_1.jpg?ts=1692879489288': 'Image 1 of SEMI-SHEER RHINESTONE SHIRT from Zara'}]","₹3,290.00",Semi-sheer collared shirt with long cuffed sleeves and front fastening with rhinestone buttons.,Shirt,Women
4,PRINTED TOP WITH GATHERED DETAIL,https://www.zara.com/in/en/printed-top-with-gathered-detail-p08562716.html,"[{'https://static.zara.net/photos///2023/I/0/1/p/8562/716/018/2/w/448/8562716018_1_1_1.jpg?ts=1692779345552': 'Image 0 of PRINTED TOP WITH GATHERED DETAIL from Zara'}, {'https://static.zara.net/photos///2023/I/0/1/p/8562/716/018/2/w/448/8562716018_2_1_1.jpg?ts=1692779344582': 'Image 1 of PRINTED TOP WITH GATHERED DETAIL from Zara'}]","₹2,990.00",Top with a surplice neck featuring long sleeves with cuffs and an elasticated hem.,Shirt,Women
5,CONTRAST SHIRT,https://www.zara.com/in/en/contrast-shirt-p03564191.html,"[{'https://static.zara.net/photos///2023/I/0/1/p/3564/191/712/2/w/448/3564191712_6_1_1.jpg?ts=1692950069091': 'Image 0 of CONTRAST SHIRT from Zara'}, {'https://static.zara.net/photos///2023/I/0/1/p/3564/191/712/2/w/448/3564191712_6_2_1.jpg?ts=1692950069045': 'Image 1 of CONTRAST SHIRT from Zara'}]","₹2,990.00",Collared shirt with long cuffed sleeves. Contrast fabric detail on the collar and cuffs. Front fastening with metal buttons.,Shirt,Women
6,ASYMMETRIC TUNIC BLOUSE,https://www.zara.com/in/en/asymmetric-tunic-blouse-p09479277.html,"[{'https://static.zara.net/photos///2023/I/0/1/p/9479/277/737/2/w/448/9479277737_1_1_1.jpg?ts=1688980756229': 'Image 0 of ASYMMETRIC TUNIC BLOUSE from Zara'}, {'https://static.zara.net/photos///2023/I/0/1/p/9479/277/737/2/w/448/9479277737_2_1_1.jpg?ts=1688980756369': 'Image 1 of ASYMMETRIC TUNIC BLOUSE from Zara'}]","₹4,990.00","Blouse made of a viscose blend. Featuring a V-neckline, short sleeves and an adjustable drawstring waist in the same fabric.",Shirt,Women
7,CROPPED LINEN BLEND SHIRT,https://www.zara.com/in/en/cropped-linen-blend-shirt-p02280716.html,"[{'https://static.zara.net/photos///2023/I/0/1/p/2280/716/250/18/w/448/2280716250_1_1_1.jpg?ts=1686905393458': 'Image 0 of CROPPED LINEN BLEND SHIRT from Zara'}, {'https://static.zara.net/photos///2023/I/0/1/p/2280/716/250/18/w/448/2280716250_2_1_1.jpg?ts=1686905394574': 'Image 1 of CROPPED LINEN BLEND SHIRT from Zara'}]","₹2,290.00",Shirt made of a linen blend fabric. Johnny collar and turn-up short sleeves. Front patch pockets. Button-up front.,Shirt,Women
8,POPLIN SHIRT WITH LACE TRIMS,https://www.zara.com/in/en/poplin-shirt-with-lace-trims-p07200232.html,"[{'https://static.zara.net/photos///2023/I/0/1/p/7200/232/712/17/w/448/7200232712_1_1_1.jpg?ts=1692286392819': 'Image 0 of POPLIN SHIRT WITH LACE TRIMS from Zara'}, {'https://static.zara.net/photos///2023/I/0/1/p/7200/232/712/17/w/448/7200232712_2_1_1.jpg?ts=1692286391264': 'Image 1 of POPLIN SHIRT WITH LACE TRIMS from Zara'}]","₹3,290.00",Shirt with a high neck and long sleeves. Matching lace trim details. Button-up front.,Shirt,Women
9,Z1975 DENIM OVERSHIRT WITH PATCH POCKETS,https://www.zara.com/in/en/z1975-denim-overshirt-with-patch-pockets-p06147165.html,"[{'https://static.zara.net/photos///2023/I/0/1/p/6147/165/406/2/w/448/6147165406_1_1_1.jpg?ts=1685105199661': 'Image 0 of Z1975 DENIM OVERSHIRT WITH PATCH POCKETS from Zara'}, {'https://static.zara.net/photos///2023/I/0/1/p/6147/165/406/2/w/448/6147165406_2_1_1.jpg?ts=1685105199442': 'Image 1 of Z1975 DENIM OVERSHIRT WITH PATCH POCKETS from Zara'}]","₹4,990.00",Collared overshirt with long sleeves. Front patch pockets. Side vents at the hem. Front metal button fastening.,Shirt,Women
10,PADDED JACKET WITH POCKETS,https://www.zara.com/in/en/padded-jacket-with-pockets-p04088242.html,"[{'https://static.zara.net/photos///2023/I/0/1/p/4088/242/800/2/w/448/4088242800_1_1_1.jpg?ts=1691658771413': 'Image 0 of PADDED JACKET WITH POCKETS from Zara'}, {'https://static.zara.net/photos///2023/I/0/1/p/4088/242/800/2/w/448/4088242800_2_1_1.jpg?ts=1691658771801': 'Image 1 of PADDED JACKET WITH POCKETS from Zara'}]","₹7,590.00","Padded jacket with a high neck and long sleeves, Front patch pockets. Adjustable hem with matching drawstrings. Front zip fastening.",Jacket,Women
11,WOOL BOMBER JACKET WITH ZIP,https://www.zara.com/in/en/wool-bomber-jacket-with-zip-p02893108.html,"[{'https://static.zara.net/photos///2023/I/0/1/p/2893/108/704/2/w/448/2893108704_1_1_1.jpg?ts=1693224696563': 'Image 0 of WOOL BOMBER JACKET WITH ZIP from Zara'}, {'https://static.zara.net/photos///2023/I/0/1/p/2893/108/704/2/w/448/2893108704_2_1_1.jpg?ts=1693224696588': 'Image 1 of WOOL BOMBER JACKET WITH ZIP from Zara'}]","₹7,590.00",Bomber jacket made of 100% wool. Featuring a V-neckline and long sleeves. Front pockets. Ribbed trims. Metal zip fastening at the front.,Jacket,Women
12,SATIN KIMONO,https://www.zara.com/in/en/satin-kimono-p01131805.html,"[{'https://static.zara.net/photos///2023/I/0/1/p/1131/805/804/2/w/448/1131805804_1_1_1.jpg?ts=1692274456448': 'Image 0 of SATIN KIMONO from Zara'}, {'https://static.zara.net/photos///2023/I/0/1/p/1131/805/804/2/w/448/1131805804_2_1_1.jpg?ts=1692274456807': 'Image 1 of SATIN KIMONO from Zara'}]","₹3,290.00","Kimono made of satin fabric. Featuring a crossover V-neckline, long sleeves with vents and crossover fastening with tied detail in the same fabric",Jacket,Women
13,TRANSPARENT CROPPED JACKET,https://www.zara.com/in/en/transparent-cropped-jacket-p01255817.html,"[{'https://static.zara.net/photos///2023/I/0/1/p/1255/817/990/2/w/448/1255817990_1_1_1.jpg?ts=1692874440525': 'Image 0 of TRANSPARENT CROPPED JACKET from Zara'}, {'https://static.zara.net/photos///2023/I/0/1/p/1255/817/990/2/w/448/1255817990_2_1_1.jpg?ts=1692874444557': 'Image 1 of TRANSPARENT CROPPED JACKET from Zara'}]","₹4,990.00","Transparent collared water-repellent jacket. Featuring long sleeves with tabs on the shoulders. Front pockets with zips, a belt in the same material with a rubberised buckle and crossover zip fastening at the front.",Jacket,Women
14,SATIN FOIL BOMBER JACKET,https://www.zara.com/in/en/satin-foil-bomber-jacket-p08495350.html,"[{'https://static.zara.net/photos///2023/I/0/1/p/8495/350/808/2/w/448/8495350808_1_1_1.jpg?ts=1692884607713': 'Image 0 of SATIN FOIL BOMBER JACKET from Zara'}, {'https://static.zara.net/photos///2023/I/0/1/p/8495/350/808/2/w/448/8495350808_2_1_1.jpg?ts=1692884606898': 'Image 1 of SATIN FOIL BOMBER JACKET from Zara'}]","₹4,990.00",Bomber jacket made of metallic satin fabric. Round neck and long sleeves with elastic cuffs. Front welt pockets. Elastic hem. Contrast lining. Front fastening with metal zip.,Jacket,Women
15,WORN EFFECT LEATHER EFFECT BIKER JACKET,https://www.zara.com/in/en/worn-effect-leather-effect-biker-jacket-p04341726.html,"[{'https://static.zara.net/photos///2023/I/0/1/p/4341/726/802/2/w/448/4341726802_1_1_1.jpg?ts=1692874442840': 'Image 0 of WORN EFFECT LEATHER EFFECT BIKER JACKET from Zara'}, {'https://static.zara.net/photos///2023/I/0/1/p/4341/726/802/2/w/448/4341726802_2_1_1.jpg?ts=1692874444895': 'Image 1 of WORN EFFECT LEATHER EFFECT BIKER JACKET from Zara'}]","₹5,990.00",Distressed effect jacket with a lapel collar and long sleeves. Zip details on the front and shoulder tabs. Wrap front with zip fastening.,Jacket,Women
16,OVERSIZE TRENCH COAT WITH POCKETS,https://www.zara.com/in/en/oversize-trench-coat-with-pockets-p02731259.html,"[{'https://static.zara.net/photos///2023/I/0/1/p/2731/259/711/17/w/448/2731259711_1_1_1.jpg?ts=1692952040464': 'Image 0 of OVERSIZE TRENCH COAT WITH POCKETS from Zara'}, {'https://static.zara.net/photos///2023/I/0/1/p/2731/259/711/17/w/448/2731259711_2_1_1.jpg?ts=1692952041015': 'Image 1 of OVERSIZE TRENCH COAT WITH POCKETS from Zara'}]","₹7,590.00",Collared trench coat made of a cotton blend. Featuring long flared sleeves. Front patch pockets. Back vent at the hem. Button-up front.,Jacket,Women
17,FAUX SUEDE TRENCH COAT,https://www.zara.com/in/en/faux-suede-trench-coat-p04968223.html,"[{'https://static.zara.net/photos///2023/I/0/1/p/4968/223/704/2/w/448/4968223704_1_1_1.jpg?ts=1692964746030': 'Image 0 of FAUX SUEDE TRENCH COAT from Zara'}, {'https://static.zara.net/photos///2023/I/0/1/p/4968/223/704/2/w/448/4968223704_2_1_1.jpg?ts=1692964745960': 'Image 1 of FAUX SUEDE TRENCH COAT from Zara'}]","₹4,990.00",Trench coat made of faux suede fabric. Lapel collar and long sleeves with tabs on the cuffs and shoulders. Side pockets. Belt in the same fabric with a contrast buckle. Double-breasted button fastening at the front.,Jacket,Women
18,SOFT SHORT JACKET,https://www.zara.com/in/en/soft-short-jacket-p03046260.html,"[{'https://static.zara.net/photos///2023/I/0/1/p/3046/260/704/2/w/448/3046260704_1_1_1.jpg?ts=1692964744875': 'Image 0 of SOFT SHORT JACKET from Zara'}, {'https://static.zara.net/photos///2023/I/0/1/p/3046/260/704/2/w/448/3046260704_2_1_1.jpg?ts=1692964747149': 'Image 1 of SOFT SHORT JACKET from Zara'}]","₹3,290.00",Long sleeve collared jacket. Front patch pockets with flaps and snap-button fastening at the front.,Jacket,Women
19,RUSTIC BOMBER JACKET,https://www.zara.com/in/en/rustic-bomber-jacket-p05584454.html,"[{'https://static.zara.net/photos///2023/I/0/1/p/5584/454/712/2/w/448/5584454712_1_1_1.jpg?ts=1692864058362': 'Image 0 of RUSTIC BOMBER JACKET from Zara'}, {'https://static.zara.net/photos///2023/I/0/1/p/5584/454/712/2/w/448/5584454712_2_1_1.jpg?ts=1692864058653': 'Image 1 of RUSTIC BOMBER JACKET from Zara'}]","₹4,990.00","Bomber jacket made of a cotton blend. Featuring a round neckline, long sleeves and cutwork fabric. Matching ribbed trims and metal zip fastening at the front.",Jacket,Women
20,LINEN BLEND PLEATED BOMBER JACKET,https://www.zara.com/in/en/linen-blend-pleated-bomber-jacket-p02712468.html,"[{'https://static.zara.net/photos///2023/I/0/1/p/2712/468/832/2/w/448/2712468832_1_1_1.jpg?ts=1692776596473': 'Image 0 of LINEN BLEND PLEATED BOMBER JACKET from Zara'}, {'https://static.zara.net/photos///2023/I/0/1/p/2712/468/832/2/w/448/2712468832_2_1_1.jpg?ts=1692776597029': 'Image 1 of LINEN BLEND PLEATED BOMBER JACKET from Zara'}]","₹5,990.00",Short collared bomber jacket made of a linen blend. Long sleeves. Front welt pockets. Elastic hem with pleats. Matching lining. Zip-up front hidden by a placket.,Jacket,Women
21,KNIT SWEATER WITH ZIP,https://www.zara.com/in/en/knit-sweater-with-zip-p05536155.html,"[{'https://static.zara.net/photos///2023/I/0/1/p/5536/155/401/2/w/448/5536155401_1_1_1.jpg?ts=1693222806360': 'Image 0 of KNIT SWEATER WITH ZIP from Zara'}, {'https://static.zara.net/photos///2023/I/0/1/p/5536/155/401/2/w/448/5536155401_2_1_1.jpg?ts=1693222806482': 'Image 1 of KNIT SWEATER WITH ZIP from Zara'}]","₹3,290.00","Sweater made of a viscose blend. Featuring a high neck with metal zip, long sleeves and matching ribbed trims.",Sweater,Women
22,CASHMERE KNIT SWEATER,https://www.zara.com/in/en/cashmere-knit-sweater-p06771126.html,"[{'https://static.zara.net/photos///2023/I/0/1/p/6771/126/200/2/w/448/6771126200_1_1_1.jpg?ts=1692790315045': 'Image 0 of CASHMERE KNIT SWEATER from Zara'}, {'https://static.zara.net/photos///2023/I/0/1/p/6771/126/200/2/w/448/6771126200_2_1_1.jpg?ts=1692790313739': 'Image 1 of CASHMERE KNIT SWEATER from Zara'}]","₹11,990.00",Sweater made of a cashmere and wool blend. Round neck and long sleeves. Matching ribbed trims.,Sweater,Women
23,WOOL BLEND BOXY-FIT KNIT SWEATER,https://www.zara.com/in/en/wool-blend-boxy-fit-knit-sweater-p03039102.html,"[{'https://static.zara.net/photos///2023/I/0/1/p/3039/102/527/17/w/448/3039102527_1_1_1.jpg?ts=1692892870664': 'Image 0 of WOOL BLEND BOXY-FIT KNIT SWEATER from Zara'}, {'https://static.zara.net/photos///2023/I/0/1/p/3039/102/527/17/w/448/3039102527_2_1_1.jpg?ts=1692892867500': 'Image 1 of WOOL BLEND BOXY-FIT KNIT SWEATER from Zara'}]","₹3,990.00",Knit sweater made of a wool blend. Round neck and long sleeves. Matching ribbed trims.,Sweater,Women
24,CROPPED KNIT SWEATER,https://www.zara.com/in/en/cropped-knit-sweater-p05536125.html,"[{'https://static.zara.net/photos///2023/I/0/1/p/5536/125/809/2/w/448/5536125809_1_1_1.jpg?ts=1693222633500': 'Image 0 of CROPPED KNIT SWEATER from Zara'}, {'https://static.zara.net/photos///2023/I/0/1/p/5536/125/809/2/w/448/5536125809_2_1_1.jpg?ts=1693222633527': 'Image 1 of CROPPED KNIT SWEATER from Zara'}]","₹2,990.00",Cropped sweater with a round neck and long sleeves. Matching ribbed trims.,Sweater,Women
25,OPEN KNIT POLO SWEATER,https://www.zara.com/in/en/open-knit-polo-sweater-p06427117.html,"[{'https://static.zara.net/photos///2023/I/0/1/p/6427/117/712/2/w/448/6427117712_1_1_1.jpg?ts=1692869351811': 'Image 0 of OPEN KNIT POLO SWEATER from Zara'}, {'https://static.zara.net/photos///2023/I/0/1/p/6427/117/712/2/w/448/6427117712_2_1_1.jpg?ts=1692869351537': 'Image 1 of OPEN KNIT POLO SWEATER from Zara'}]","₹2,990.00",Polo sweater with a Johnny collar and long sleeves. Ribbed trims.,Sweater,Women
26,BASIC KNIT SWEATER,https://www.zara.com/in/en/basic-knit-sweater-p01509115.html,"[{'https://static.zara.net/photos///2023/I/0/1/p/1509/115/108/17/w/448/1509115108_1_1_1.jpg?ts=1692352262228': 'Image 0 of BASIC KNIT SWEATER from Zara'}, {'https://static.zara.net/photos///2023/I/0/1/p/1509/115/108/17/w/448/1509115108_2_1_1.jpg?ts=1692352259659': 'Image 1 of BASIC KNIT SWEATER from Zara'}]",₹990.00,"Round neck sweater featuring long sleeves, side vents at the hem and ribbed trims.",Sweater,Women
27,100% WOOL KNIT SWEATER,https://www.zara.com/in/en/100-wool-knit-sweater-p02893106.html,"[{'https://static.zara.net/photos///2023/I/0/1/p/2893/106/809/4/w/448/2893106809_1_1_1.jpg?ts=1692271338379': 'Image 0 of 100% WOOL KNIT SWEATER from Zara'}, {'https://static.zara.net/photos///2023/I/0/1/p/2893/106/809/4/w/448/2893106809_2_1_1.jpg?ts=1692271049473': 'Image 1 of 100% WOOL KNIT SWEATER from Zara'}]","₹4,990.00","Sweater made of 100% wool. Featuring a round neckline, long sleeves and ribbed trims.",Sweater,Women
28,BASIC KNIT SWEATER,https://www.zara.com/in/en/basic-knit-sweater-p08851121.html,"[{'https://static.zara.net/photos///2023/I/0/1/p/8851/121/800/10/w/448/8851121800_1_1_1.jpg?ts=1692271054086': 'Image 0 of BASIC KNIT SWEATER from Zara'}, {'https://static.zara.net/photos///2023/I/0/1/p/8851/121/800/10/w/448/8851121800_2_1_1.jpg?ts=1692271049482': 'Image 1 of BASIC KNIT SWEATER from Zara'}]","₹1,890.00",Round neck sweater with long sleeves and decorative gold buttons. Ribbed trims.,Sweater,Women
29,BASIC HIGH NECK KNIT SWEATER,https://www.zara.com/in/en/basic-high-neck-knit-sweater-p08851123.html,"[{'https://static.zara.net/photos///2023/I/0/1/p/8851/123/800/22/w/448/8851123800_1_1_1.jpg?ts=1693219160353': 'Image 0 of BASIC HIGH NECK KNIT SWEATER from Zara'}, {'https://static.zara.net/photos///2023/I/0/1/p/8851/123/800/22/w/448/8851123800_2_1_1.jpg?ts=1693219160248': 'Image 1 of BASIC HIGH NECK KNIT SWEATER from Zara'}]","₹1,890.00","Sweater featuring a high neck, long sleeves with decorative metal buttons and ribbed trims.",Sweater,Women
30,STRIPED KNIT SWEATER,https://www.zara.com/in/en/striped-knit-sweater-p03433011.html,"[{'https://static.zara.net/photos///2023/I/0/1/p/3433/011/066/17/w/448/3433011066_1_1_1.jpg?ts=1692352267261': 'Image 0 of STRIPED KNIT SWEATER from Zara'}, {'https://static.zara.net/photos///2023/I/0/1/p/3433/011/066/17/w/448/3433011066_2_1_1.jpg?ts=1692352260061': 'Image 1 of STRIPED KNIT SWEATER from Zara'}]","₹2,290.00",Round neck sweater with long sleeves.,Sweater,Women
31,V-NECK CABLE-KNIT SWEATER,https://www.zara.com/in/en/v-neck-cable-knit-sweater-p01509111.html,"[{'https://static.zara.net/photos///2023/I/0/1/p/1509/111/401/2/w/448/1509111401_1_1_1.jpg?ts=1691580359390': 'Image 0 of V-NECK CABLE-KNIT SWEATER from Zara'}, {'https://static.zara.net/photos///2023/I/0/1/p/1509/111/401/2/w/448/1509111401_2_1_1.jpg?ts=1691580361027': 'Image 1 of V-NECK CABLE-KNIT SWEATER from Zara'}]","₹2,990.00",Long sleeve V-neck sweater.,Sweater,Women
32,100% WOOL KNIT POLO SWEATER,https://www.zara.com/in/en/100-wool-knit-polo-sweater-p09598170.html,"[{'https://static.zara.net/photos///2023/I/0/1/p/9598/170/802/2/w/448/9598170802_1_1_1.jpg?ts=1692790313373': 'Image 0 of 100% WOOL KNIT POLO SWEATER from Zara'}, {'https://static.zara.net/photos///2023/I/0/1/p/9598/170/802/2/w/504/9598170802_2_1_1.jpg?ts=1692790315858': 'Image 1 of 100% WOOL KNIT POLO SWEATER from Zara'}]","₹4,990.00","Fitted sweater made of 100% extra soft wool. Featuring a polo collar, long sleeves and front button fastening.",Sweater,Women
33,CASHMERE KNIT SWEATER,https://www.zara.com/in/en/cashmere-knit-sweater-p03644104.html,"[{'https://static.zara.net/photos///2023/I/0/1/p/3644/104/807/18/w/448/3644104807_1_1_1.jpg?ts=1692201089694': 'Image 0 of CASHMERE KNIT SWEATER from Zara'}, {'https://static.zara.net/photos///2023/I/0/1/p/3644/104/807/2/w/448/3644104807_6_1_1.jpg?ts=1691581507403': 'Image 1 of CASHMERE KNIT SWEATER from Zara'}]","₹10,990.00",Sweater made of a cashmere blend. Featuring a V-neck and long sleeves.,Sweater,Women
34,TAILORED DOUBLE-BREASTED BLAZER,https://www.zara.com/in/en/tailored-double-breasted-blazer-p07608548.html,"[{'https://static.zara.net/photos///2023/I/0/1/p/7608/548/800/21/w/448/7608548800_2_1_1.jpg?ts=1691149647678': 'Image 0 of TAILORED DOUBLE-BREASTED BLAZER from Zara'}, {'https://static.zara.net/photos///2023/I/0/1/p/7608/548/800/21/w/448/7608548800_2_3_1.jpg?ts=1691149650997': 'Image 1 of TAILORED DOUBLE-BREASTED BLAZER from Zara'}]","₹5,590.00",Blazer featuring a lapel collar with long sleeves and padded shoulders. Front flap pockets. Double-breasted button fastening on the front.,Blazer,Women
35,STRIPE TEXTURED BLAZER,https://www.zara.com/in/en/stripe-textured-blazer-p08341112.html,"[{'https://static.zara.net/photos///2023/I/0/1/p/8341/112/070/2/w/448/8341112070_1_1_1.jpg?ts=1691577078132': 'Image 0 of STRIPE TEXTURED BLAZER from Zara'}, {'https://static.zara.net/photos///2023/I/0/1/p/8341/112/070/2/w/448/8341112070_2_1_1.jpg?ts=1691577081173': 'Image 1 of STRIPE TEXTURED BLAZER from Zara'}]","₹5,990.00",Lapelless blazer with long sleeves and shoulder pads. Front patch pockets. Metal hook fastening at the front.,Blazer,Women
36,TAILORED WAISTCOAT,https://www.zara.com/in/en/tailored-waistcoat-p02753535.html,"[{'https://static.zara.net/photos///2023/I/0/1/p/2753/535/800/2/w/448/2753535800_1_1_1.jpg?ts=1691758137247': 'Image 0 of TAILORED WAISTCOAT from Zara'}, {'https://static.zara.net/photos///2023/I/0/1/p/2753/535/800/2/w/448/2753535800_2_1_1.jpg?ts=1691758139956': 'Image 1 of TAILORED WAISTCOAT from Zara'}]","₹2,990.00",Sleeveless waistcoat with a V-neck. Front jetted pockets on the front. Button-up front.,Blazer,Women
37,STRAIGHT BLAZER,https://www.zara.com/in/en/straight-blazer-p09929327.html,"[{'https://static.zara.net/photos///2023/I/0/1/p/9929/327/526/2/w/448/9929327526_1_1_1.jpg?ts=1691758471978': 'Image 0 of STRAIGHT BLAZER from Zara'}, {'https://static.zara.net/photos///2023/I/0/1/p/9929/327/526/2/w/448/9929327526_2_1_1.jpg?ts=1691758471951': 'Image 1 of STRAIGHT BLAZER from Zara'}]","₹4,990.00",Blazer featuring a lapel collar with long sleeves and padded shoulders. Front flap pockets. Single button fastening on the front.,Blazer,Women
38,BLAZER WITH ROLLED-UP SLEEVES,https://www.zara.com/in/en/blazer-with-rolled-up-sleeves-p02140760.html,"[{'https://static.zara.net/photos///2023/I/0/1/p/2140/760/800/12/w/448/2140760800_1_1_1.jpg?ts=1689595278875': 'Image 0 of BLAZER WITH ROLLED-UP SLEEVES from Zara'}, {'https://static.zara.net/photos///2023/I/0/1/p/2140/760/800/12/w/448/2140760800_2_1_1.jpg?ts=1689595281355': 'Image 1 of BLAZER WITH ROLLED-UP SLEEVES from Zara'}]","₹4,490.00",Open blazer with a lapel collar and padded shoulders. Turn-up sleeves falling below the elbow with sleeve tabs and a golden button. Front flap pockets.,Blazer,Women
39,HIGH NECK TEXTURED BLAZER,https://www.zara.com/in/en/high-neck-textured-blazer-p08001513.html,"[{'https://static.zara.net/photos///2023/I/0/1/p/8001/513/251/2/w/448/8001513251_6_1_1.jpg?ts=1690529214282': 'Image 0 of HIGH NECK TEXTURED BLAZER from Zara'}, {'https://static.zara.net/photos///2023/I/0/1/p/8001/513/251/2/w/448/8001513251_6_2_1.jpg?ts=1690529213391': 'Image 1 of HIGH NECK TEXTURED BLAZER from Zara'}]","₹5,990.00",Blazer featuring a high neck and long sleeves with padded shoulders. False flap pockets and front patch pockets. Front hook fastening.,Blazer,Women
40,SHORT TAILORED WAISTCOAT,https://www.zara.com/in/en/short-tailored-waistcoat-p09929329.html,"[{'https://static.zara.net/photos///2023/I/0/1/p/9929/329/704/2/w/448/9929329704_1_1_1.jpg?ts=1693208680604': 'Image 0 of SHORT TAILORED WAISTCOAT from Zara'}, {'https://static.zara.net/photos///2023/I/0/1/p/9929/329/704/2/w/448/9929329704_2_1_1.jpg?ts=1693208681036': 'Image 1 of SHORT TAILORED WAISTCOAT from Zara'}]","₹2,990.00",V-neck waistcoat. Featuring false welt pockets and button fastening on the front.,Blazer,Women
41,FITTED BLAZER WITH SEAMS,https://www.zara.com/in/en/fitted-blazer-with-seams-p02753345.html,"[{'https://static.zara.net/photos///2023/I/0/1/p/2753/345/401/2/w/448/2753345401_1_1_1.jpg?ts=1692352292134': 'Image 0 of FITTED BLAZER WITH SEAMS from Zara'}, {'https://static.zara.net/photos///2023/I/0/1/p/2753/345/401/2/w/448/2753345401_2_1_1.jpg?ts=1692352293592': 'Image 1 of FITTED BLAZER WITH SEAMS from Zara'}]","₹5,990.00",Blazer with a lapel collar and long sleeves with shoulder pads. Front flap pockets. Visible seam detail on the waist. Fastens at the front with buttons.,Blazer,Women
42,LONG BLAZER WITH BELT,https://www.zara.com/in/en/long-blazer-with-belt-p08165642.html,"[{'https://static.zara.net/photos///2023/I/0/1/p/8165/642/420/2/w/448/8165642420_1_1_1.jpg?ts=1692362193581': 'Image 0 of LONG BLAZER WITH BELT from Zara'}, {'https://static.zara.net/photos///2023/I/0/1/p/8165/642/420/2/w/448/8165642420_2_1_1.jpg?ts=1692362193644': 'Image 1 of LONG BLAZER WITH BELT from Zara'}]","₹7,590.00","Blazer with a lapel collar, long sleeves and shoulder pads. Front flap pockets. Belt with buckle lined in matching fabric. Contrast lining. Double-breasted fastening with covered buttons.",Blazer,Women
43,CROPPED BLAZER WITH FEATHERS,https://www.zara.com/in/en/cropped-blazer-with-feathers-p07602484.html,"[{'https://static.zara.net/photos///2023/I/0/1/p/7602/484/631/2/w/448/7602484631_1_1_1.jpg?ts=1689579070170': 'Image 0 of CROPPED BLAZER WITH FEATHERS from Zara'}, {'https://static.zara.net/photos///2023/I/0/1/p/7602/484/631/2/w/0/7602484631_2_1_1.jpg?ts=1689579070263': 'Image 1 of CROPPED BLAZER WITH FEATHERS from Zara'}]","₹11,990.00",Cropped blazer featuring a lapel collar and long sleeves with matching detachable feathers. False welt pockets on the front. Matching lining. Front button fastening.,Blazer,Women
44,CAPE BLAZER,https://www.zara.com/in/en/cape-blazer-p02876187.html,"[{'https://static.zara.net/photos///2023/I/0/1/p/2876/187/712/22/w/448/2876187712_1_1_1.jpg?ts=1687531940333': 'Image 0 of CAPE BLAZER from Zara'}, {'https://static.zara.net/photos///2023/I/0/1/p/2876/187/712/22/w/448/2876187712_2_1_1.jpg?ts=1687532476431': 'Image 1 of CAPE BLAZER from Zara'}]","₹5,990.00","Open blazer with no lapels, long cape-style sleeves and matching lining.",Blazer,Women
45,STRAIGHT FIT JEANS,https://www.zara.com/in/en/straight-fit-jeans-p05585312.html,"[{'https://static.zara.net/photos///2023/I/0/2/p/5585/312/400/2/w/448/5585312400_1_1_1.jpg?ts=1692951282794': 'Image 0 of STRAIGHT FIT JEANS from Zara'}, {'https://static.zara.net/photos///2023/I/0/2/p/5585/312/400/2/w/448/5585312400_2_1_1.jpg?ts=1692951290257': 'Image 1 of STRAIGHT FIT JEANS from Zara'}]","₹4,990.00",Straight-leg jeans with a five-pocket design. Faded with ripped details and a stain print on the legs. Front zip fly and top button fastening.,Jeans,Men
46,GEOMETRIC JACQUARD JEANS,https://www.zara.com/in/en/geometric-jacquard-jeans-p01538322.html,"[{'https://static.zara.net/photos///2023/I/0/2/p/1538/322/802/2/w/448/1538322802_1_1_1.jpg?ts=1692960481484': 'Image 0 of GEOMETRIC JACQUARD JEANS from Zara'}, {'https://static.zara.net/photos///2023/I/0/2/p/1538/322/802/2/w/448/1538322802_2_1_1.jpg?ts=1692960481784': 'Image 1 of GEOMETRIC JACQUARD JEANS from Zara'}]","₹4,990.00",Straight fit jeans. Five pockets. Faded effect. Front zip fly and button fastening.,Jeans,Men
47,STRAIGHT FIT RIPPED JEANS,https://www.zara.com/in/en/straight-fit-ripped-jeans-p08062306.html,"[{'https://static.zara.net/photos///2023/I/0/2/p/8062/306/427/2/w/448/8062306427_1_1_1.jpg?ts=1692780182445': 'Image 0 of STRAIGHT FIT RIPPED JEANS from Zara'}, {'https://static.zara.net/photos///2023/I/0/2/p/8062/306/427/2/w/448/8062306427_2_1_1.jpg?ts=1692780184103': 'Image 1 of STRAIGHT FIT RIPPED JEANS from Zara'}]","₹3,290.00",Straight fit jeans. Five pockets. Faded with rips on the legs. Front zip fly and button fastening.,Jeans,Men
48,CROPPED SLIM JEANS,https://www.zara.com/in/en/cropped-slim-jeans-p08062305.html,"[{'https://static.zara.net/photos///2023/I/0/2/p/8062/305/407/2/w/448/8062305407_1_1_1.jpg?ts=1692201952270': 'Image 0 of CROPPED SLIM JEANS from Zara'}, {'https://static.zara.net/photos///2023/I/0/2/p/8062/305/407/2/w/448/8062305407_2_1_1.jpg?ts=1692201952279': 'Image 1 of CROPPED SLIM JEANS from Zara'}]","₹4,990.00",Cropped slim fit jeans. Five-pocket design. Faded and ripped detail on the legs. Zip fly and top button fastening.,Jeans,Men
49,RELAXED-FIT RIPPED JEANS,https://www.zara.com/in/en/relaxed-fit-ripped-jeans-p08062333.html,"[{'https://static.zara.net/photos///2023/I/0/2/p/8062/333/427/2/w/448/8062333427_1_1_1.jpg?ts=1692355484258': 'Image 0 of RELAXED-FIT RIPPED JEANS from Zara'}, {'https://static.zara.net/photos///2023/I/0/2/p/8062/333/427/2/w/448/8062333427_2_1_1.jpg?ts=1692355484271': 'Image 1 of RELAXED-FIT RIPPED JEANS from Zara'}]","₹4,990.00",Relaxed-fit jeans with a five-pocket design. Faded and ripped effect on the legs. Irregular double-effect hems. Front button fly fastening.,Jeans,Men
50,SLIM FIT JEANS,https://www.zara.com/in/en/slim-fit-jeans-p00774330.html,"[{'https://static.zara.net/photos///2023/I/0/2/p/0774/330/406/2/w/448/0774330406_1_1_1.jpg?ts=1689605484740': 'Image 0 of SLIM FIT JEANS from Zara'}, {'https://static.zara.net/photos///2023/I/0/2/p/0774/330/406/2/w/448/0774330406_2_1_1.jpg?ts=1689605484659': 'Image 1 of SLIM FIT JEANS from Zara'}]","₹2,490.00",Slim fit jeans. Five pockets. Faded effect. Front zip fly and button fastening.,Jeans,Men
51,RELAXED FIT PLEATED JEANS,https://www.zara.com/in/en/relaxed-fit-pleated-jeans-p01538310.html,"[{'https://static.zara.net/photos///2023/I/0/2/p/1538/310/802/2/w/448/1538310802_1_1_1.jpg?ts=1690535018602': 'Image 0 of RELAXED FIT PLEATED JEANS from Zara'}, {'https://static.zara.net/photos///2023/I/0/2/p/1538/310/802/2/w/448/1538310802_2_1_1.jpg?ts=1690535017880': 'Image 1 of RELAXED FIT PLEATED JEANS from Zara'}]","₹3,990.00",Relaxed fit jeans. Waist with front pleats. Front pockets and rear patch pockets. Faded effect. Front zip fly and button fastening.,Jeans,Men
52,CROPPED SLIM JEANS,https://www.zara.com/in/en/cropped-slim-jeans-p08062475.html,"[{'https://static.zara.net/photos///2023/I/0/1/p/8062/475/406/2/w/448/8062475406_1_1_1.jpg?ts=1689683399181': 'Image 0 of CROPPED SLIM JEANS from Zara'}, {'https://static.zara.net/photos///2023/I/0/1/p/8062/475/406/2/w/448/8062475406_2_1_1.jpg?ts=1689683395819': 'Image 1 of CROPPED SLIM JEANS from Zara'}]","₹2,490.00",Cropped slim fit jeans with a five-pocket design. Faded effect. Zip fly and button fastening.,Jeans,Men
53,TAPERED FIT JEANS,https://www.zara.com/in/en/tapered-fit-jeans-p00840325.html,"[{'https://static.zara.net/photos///2023/I/0/2/p/5585/325/445/2/w/448/5585325445_1_1_1.jpg?ts=1690540059037': 'Image 0 of TAPERED FIT JEANS from Zara'}, {'https://static.zara.net/photos///2023/I/0/2/p/5585/325/445/2/w/448/5585325445_2_1_1.jpg?ts=1690540059166': 'Image 1 of TAPERED FIT JEANS from Zara'}]","₹3,290.00",Tapered fit jeans. Five pockets. Faded effect. Cropped length. Front zip fly and button fastening.,Jeans,Men
54,METALLIC-EFFECT JEANS,https://www.zara.com/in/en/metallic-effect-jeans-p05520307.html,"[{'https://static.zara.net/photos///2023/I/0/2/p/5520/307/400/2/w/448/5520307400_6_1_1.jpg?ts=1692171470620': 'Image 0 of METALLIC-EFFECT JEANS from Zara'}, {'https://static.zara.net/photos///2023/I/0/2/p/5520/307/400/2/w/448/5520307400_6_2_1.jpg?ts=1692171470258': 'Image 1 of METALLIC-EFFECT JEANS from Zara'}]","₹5,990.00",Straight fit jeans made of faded denim with an irregular metallic finish. Five pockets. Front zip fly and top button fastening.,Jeans,Men
55,WIDE FIT JEANS,https://www.zara.com/in/en/wide-fit-jeans-p09794300.html,"[{'https://static.zara.net/photos///2023/I/0/2/p/9794/300/716/2/w/0/9794300716_1_1_1.jpg?ts=1692188212552': 'Image 0 of WIDE FIT JEANS from Zara'}, {'https://static.zara.net/photos///2023/I/0/2/p/9794/300/716/2/w/0/9794300716_2_1_1.jpg?ts=1692188212176': 'Image 1 of WIDE FIT JEANS from Zara'}]","₹4,990.00",Faded wide fit jeans. Five pockets. Front zip fly and button fastening.,Jeans,Men
56,STRAIGHT FIT SPRAY JEANS,https://www.zara.com/in/en/straight-fit-spray-jeans-p05585311.html,"[{'https://static.zara.net/photos///2023/I/0/1/p/9794/302/716/33/w/0/9794302716_1_1_1.jpg?ts=1692688915062': 'Image 0 of STRAIGHT FIT SPRAY JEANS from Zara'}, {'https://static.zara.net/photos///2023/I/0/2/p/5585/311/400/2/w/448/5585311400_6_1_1.jpg?ts=1692696040462': 'Image 1 of STRAIGHT FIT SPRAY JEANS from Zara'}]","₹4,990.00",Straight-fit jeans with a five-pocket design. Faded effect with trims in a contrast colour. Front zip fly and top button fastening.,Jeans,Men
57,SWEATSHIRT WITH ZIP COLLAR,https://www.zara.com/in/en/sweatshirt-with-zip-collar-p06462330.html,"[{'https://static.zara.net/photos///2023/I/0/2/p/6462/330/251/2/w/448/6462330251_1_1_1.jpg?ts=1689932178850': 'Image 0 of SWEATSHIRT WITH ZIP COLLAR from Zara'}, {'https://static.zara.net/photos///2023/I/0/2/p/6462/330/251/2/w/448/6462330251_2_1_1.jpg?ts=1689932178782': 'Image 1 of SWEATSHIRT WITH ZIP COLLAR from Zara'}]","₹2,990.00","Sweatshirt featuring a high neck with front zip fastening, long sleeves and ribbed trims.",Sweatshirt,Men
58,REFLECTIVE EFFECT JACKET,https://www.zara.com/in/en/reflective-effect-jacket-p01732314.html,"[{'https://static.zara.net/photos///2023/I/0/2/p/1732/314/446/3/w/448/1732314446_1_1_1.jpg?ts=1693233018145': 'Image 0 of REFLECTIVE EFFECT JACKET from Zara'}, {'https://static.zara.net/photos///2023/I/0/2/p/1732/314/446/3/w/448/1732314446_2_1_1.jpg?ts=1693233018361': 'Image 1 of REFLECTIVE EFFECT JACKET from Zara'}]","₹7,590.00",Jacket made of a very lightweight and reflective technical fabric.- High neck with stow-away hood on the inside.- Long sleeves with elastic cuffs.- Thermo-sealed inner seams.- Pocket with autolock zip fastening on the chest and hip pockets.- Adjustable hem with elastic at the sides.- Logo print on the front.Zara Athleticz.View more,Sweatshirt,Men
59,COTTON HOODIE,https://www.zara.com/in/en/cotton-hoodie-p00761331.html,"[{'https://static.zara.net/photos///2023/I/0/2/p/0761/331/712/3/w/448/0761331712_1_1_1.jpg?ts=1693233015377': 'Image 0 of COTTON HOODIE from Zara'}, {'https://static.zara.net/photos///2023/I/0/2/p/0761/331/712/3/w/448/0761331712_2_1_1.jpg?ts=1693233017265': 'Image 1 of COTTON HOODIE from Zara'}]","₹3,990.00",Hoodie made of compact cotton fabric. Adjustable hood and long sleeves. Front pouch pocket. Ribbed trims.Zara Athleticz.,Sweatshirt,Men
60,PREMIUM SWEATSHIRT,https://www.zara.com/in/en/premium-sweatshirt-p00761438.html,"[{'https://static.zara.net/photos///2023/I/0/2/p/0761/438/401/2/w/448/0761438401_1_1_1.jpg?ts=1692951284259': 'Image 0 of PREMIUM SWEATSHIRT from Zara'}, {'https://static.zara.net/photos///2023/I/0/2/p/0761/438/401/2/w/448/0761438401_2_1_1.jpg?ts=1692951288530': 'Image 1 of PREMIUM SWEATSHIRT from Zara'}]","₹2,590.00",Loose-fitting sweatshirt with a wide ribbed neck and short sleeves.,Sweatshirt,Men
61,SWEATSHIRT WITH CONTRAST TRIMS,https://www.zara.com/in/en/sweatshirt-with-contrast-trims-p00761309.html,"[{'https://static.zara.net/photos///2023/I/0/2/p/0761/309/251/2/w/448/0761309251_1_1_1.jpg?ts=1685432803292': 'Image 0 of SWEATSHIRT WITH CONTRAST TRIMS from Zara'}, {'https://static.zara.net/photos///2023/I/0/2/p/0761/309/251/2/w/448/0761309251_2_1_1.jpg?ts=1685432803022': 'Image 1 of SWEATSHIRT WITH CONTRAST TRIMS from Zara'}]","₹3,290.00",Loose-fitting sweatshirt with a round neck and short sleeves. Contrast piping details on the front and back. Ribbed trims.,Sweatshirt,Men
62,RIBBED SWEATSHIRT,https://www.zara.com/in/en/ribbed-sweatshirt-p05039501.html,"[{'https://static.zara.net/photos///2023/I/0/2/p/5039/501/251/2/w/448/5039501251_1_1_1.jpg?ts=1692956951377': 'Image 0 of RIBBED SWEATSHIRT from Zara'}, {'https://static.zara.net/photos///2023/I/0/2/p/5039/501/251/2/w/448/5039501251_2_1_1.jpg?ts=1692956953102': 'Image 1 of RIBBED SWEATSHIRT from Zara'}]","₹2,990.00",Short sleeve sweatshirt with a round neck.,Sweatshirt,Men
63,POLO SWEATSHIRT,https://www.zara.com/in/en/polo-sweatshirt-p00526330.html,"[{'https://static.zara.net/photos///2023/I/0/2/p/0526/330/066/2/w/448/0526330066_1_1_1.jpg?ts=1692022320087': 'Image 0 of POLO SWEATSHIRT from Zara'}, {'https://static.zara.net/photos///2023/I/0/2/p/0526/330/066/2/w/448/0526330066_2_1_1.jpg?ts=1692022319806': 'Image 1 of POLO SWEATSHIRT from Zara'}]","₹3,290.00",Collared polo shirt with a buttoned front hidden by a placket. Long sleeves. Ribbed trims.,Sweatshirt,Men
64,POLO SWEATSHIRT,https://www.zara.com/in/en/polo-sweatshirt-p00526302.html,"[{'https://static.zara.net/photos///2023/I/0/2/p/0526/302/708/2/w/448/0526302708_2_1_1.jpg?ts=1692776632508': 'Image 0 of POLO SWEATSHIRT from Zara'}, {'https://static.zara.net/photos///2023/I/0/2/p/0526/302/708/2/w/448/0526302708_1_1_1.jpg?ts=1692776632231': 'Image 1 of POLO SWEATSHIRT from Zara'}]","₹3,290.00","Collared polo made of compact cotton fabric. Front button fastening, long sleeves and ribbed trims.",Sweatshirt,Men
65,CONTRAST PRINT SWEATSHIRT,https://www.zara.com/in/en/contrast-print-sweatshirt-p01165316.html,"[{'https://static.zara.net/photos///2023/I/0/2/p/1165/316/403/2/w/448/1165316403_1_1_1.jpg?ts=1692780184065': 'Image 0 of CONTRAST PRINT SWEATSHIRT from Zara'}, {'https://static.zara.net/photos///2023/I/0/2/p/1165/316/403/2/w/448/1165316403_2_1_1.jpg?ts=1692780185356': 'Image 1 of CONTRAST PRINT SWEATSHIRT from Zara'}]","₹3,290.00",Sweatshirt with a round neck and long sleeves. Contrast prints on the front and back. Ribbed trims.,Sweatshirt,Men
66,PRINTED SWEATSHIRT WITH SLOGAN,https://www.zara.com/in/en/printed-sweatshirt-with-slogan-p00679307.html,"[{'https://static.zara.net/photos///2023/I/0/2/p/0679/307/403/2/w/448/0679307403_1_1_1.jpg?ts=1692188211890': 'Image 0 of PRINTED SWEATSHIRT WITH SLOGAN from Zara'}, {'https://static.zara.net/photos///2023/I/0/2/p/0679/307/403/2/w/448/0679307403_2_1_1.jpg?ts=1692188212279': 'Image 1 of PRINTED SWEATSHIRT WITH SLOGAN from Zara'}]","₹3,290.00",Oversize sweatshirt with a round neck and long sleeves. Contrast slogan print on the front and back. Ribbed trims.,Sweatshirt,Men
67,THE NOTORIOUS B.I.G. © BROOKLYN MINT SWEATSHIRT,https://www.zara.com/in/en/the-notorious-b-i-g----brooklyn-mint-sweatshirt-p02160301.html,"[{'https://static.zara.net/photos///2023/I/0/2/p/2160/301/802/2/w/448/2160301802_1_1_1.jpg?ts=1692198176210': 'Image 0 of THE NOTORIOUS B.I.G. © BROOKLYN MINT SWEATSHIRT from Zara'}, {'https://static.zara.net/photos///2023/I/0/2/p/2160/301/802/2/w/448/2160301802_2_1_1.jpg?ts=1692198175786': 'Image 1 of THE NOTORIOUS B.I.G. © BROOKLYN MINT SWEATSHIRT from Zara'}]","₹3,990.00","Long sleeve sweatshirt with a round neckline. Notorious B.I.G. © Brooklyn Mint, LLC contrast slogan print on the front. Faded effect. Ribbed trims.",Sweatshirt,Men
68,CONTRAST PRINTED SWEATSHIRT,https://www.zara.com/in/en/contrast-printed-sweatshirt-p06224301.html,"[{'https://static.zara.net/photos///2023/I/0/2/p/6224/301/712/2/w/0/6224301712_1_1_1.jpg?ts=1686133892073': 'Image 0 of CONTRAST PRINTED SWEATSHIRT from Zara'}, {'https://static.zara.net/photos///2023/I/0/2/p/6224/301/712/2/w/0/6224301712_2_1_1.jpg?ts=1686133891362': 'Image 1 of CONTRAST PRINTED SWEATSHIRT from Zara'}]","₹3,290.00",Sweatshirt with a round neckline and long sleeves. Contrast print and embroidery on the front and back. Ribbed trims.,Sweatshirt,Men
69,CONTRAST PRINT SWEATSHIRT,https://www.zara.com/in/en/contrast-print-sweatshirt-p01165324.html,"[{'https://static.zara.net/photos///2023/I/0/2/p/1165/324/529/2/w/448/1165324529_1_1_1.jpg?ts=1692780184319': 'Image 0 of CONTRAST PRINT SWEATSHIRT from Zara'}, {'https://static.zara.net/photos///2023/I/0/2/p/1165/324/529/2/w/448/1165324529_2_1_1.jpg?ts=1692780184366': 'Image 1 of CONTRAST PRINT SWEATSHIRT from Zara'}]","₹3,290.00",Sweatshirt with a round neckline and long sleeves. Contrast prints on the front and back. Ribbed trims.,Sweatshirt,Men
70,CONTRAST PRINT SWEATSHIRT,https://www.zara.com/in/en/contrast-print-sweatshirt-p05643302.html,"[{'https://static.zara.net/photos///2023/I/0/2/p/5643/302/250/2/w/448/5643302250_1_1_1.jpg?ts=1690963409656': 'Image 0 of CONTRAST PRINT SWEATSHIRT from Zara'}, {'https://static.zara.net/photos///2023/I/0/2/p/5643/302/250/2/w/448/5643302250_2_1_1.jpg?ts=1690963410355': 'Image 1 of CONTRAST PRINT SWEATSHIRT from Zara'}]","₹2,990.00",Boxy fit sweatshirt with a round neck and short sleeves. Contrast prints on the front.,Sweatshirt,Men
71,PAPER PATCH SWEATSHIRT,https://www.zara.com/in/en/paper-patch-sweatshirt-p06224399.html,"[{'https://static.zara.net/photos///2023/I/0/2/p/6224/399/251/2/w/448/6224399251_1_1_1.jpg?ts=1692361198588': 'Image 0 of PAPER PATCH SWEATSHIRT from Zara'}, {'https://static.zara.net/photos///2023/I/0/2/p/6224/399/251/2/w/448/6224399251_2_1_1.jpg?ts=1692361198701': 'Image 1 of PAPER PATCH SWEATSHIRT from Zara'}]","₹3,290.00",Loose-fitting sweatshirt with a round neck and short sleeves. Patch on the front made of kraft paper with a printed slogan. Irregular finish with contrast topstitching detail.,Sweatshirt,Men
72,SWEATSHIRT WITH PRINTED SLOGANS,https://www.zara.com/in/en/sweatshirt-with-printed-slogans-p00722355.html,"[{'https://static.zara.net/photos///2023/I/0/2/p/0722/355/802/2/w/448/0722355802_1_1_1.jpg?ts=1692951281874': 'Image 0 of SWEATSHIRT WITH PRINTED SLOGANS from Zara'}, {'https://static.zara.net/photos///2023/I/0/2/p/0722/355/802/2/w/448/0722355802_2_1_1.jpg?ts=1692951290853': 'Image 1 of SWEATSHIRT WITH PRINTED SLOGANS from Zara'}]","₹2,990.00",Loose-fitting sweatshirt with a round neck and short sleeves. Featuring a contrast slogan print all over the garment.,Sweatshirt,Men
73,SWEATSHIRT WITH EMBROIDERY AND SLOGANS,https://www.zara.com/in/en/sweatshirt-with-embroidery-and-slogans-p06224297.html,"[{'https://static.zara.net/photos///2023/I/0/2/p/6224/297/251/2/w/448/6224297251_1_1_1.jpg?ts=1692960481437': 'Image 0 of SWEATSHIRT WITH EMBROIDERY AND SLOGANS from Zara'}, {'https://static.zara.net/photos///2023/I/0/2/p/6224/297/251/2/w/448/6224297251_2_1_1.jpg?ts=1692960481868': 'Image 1 of SWEATSHIRT WITH EMBROIDERY AND SLOGANS from Zara'}]","₹2,990.00",Round neck sweatshirt with short sleeves. Contrast embroidery and prints on the front and back. Ribbed trims.,Sweatshirt,Men
74,PRINTED SWEATSHIRT WITH SLOGAN,https://www.zara.com/in/en/printed-sweatshirt-with-slogan-p05644301.html,"[{'https://static.zara.net/photos///2023/I/0/2/p/5644/301/403/2/w/448/5644301403_1_1_1.jpg?ts=1688546809649': 'Image 0 of PRINTED SWEATSHIRT WITH SLOGAN from Zara'}, {'https://static.zara.net/photos///2023/I/0/2/p/5644/301/403/2/w/448/5644301403_2_1_1.jpg?ts=1688546809535': 'Image 1 of PRINTED SWEATSHIRT WITH SLOGAN from Zara'}]","₹2,990.00",,Sweatshirt,Men
75,WIDE-FIT KNIT JOGGERS,https://www.zara.com/in/en/wide-fit-knit-joggers-p05755301.html,"[{'https://static.zara.net/photos///2023/I/0/2/p/5755/301/800/2/w/448/5755301800_1_1_1.jpg?ts=1692951284336': 'Image 0 of WIDE-FIT KNIT JOGGERS from Zara'}, {'https://static.zara.net/photos///2023/I/0/2/p/5755/301/800/2/w/448/5755301800_2_1_1.jpg?ts=1692951287061': 'Image 1 of WIDE-FIT KNIT JOGGERS from Zara'}]","₹3,290.00",Knit trousers with an adjustable elasticated waistband. Side pockets and rear pocket detail.,Trousers,Men
76,RIBBED JOGGERS,https://www.zara.com/in/en/ribbed-joggers-p05039503.html,"[{'https://static.zara.net/photos///2023/I/0/2/p/5039/503/800/2/w/0/5039503800_1_1_1.jpg?ts=1692956953130': 'Image 0 of RIBBED JOGGERS from Zara'}, {'https://static.zara.net/photos///2023/I/0/2/p/5039/503/800/2/w/448/5039503800_2_1_1.jpg?ts=1692956952856': 'Image 1 of RIBBED JOGGERS from Zara'}]","₹3,290.00",Trousers featuring an adjustable elasticated waistband with drawstring. Front pockets and rear pocket detail.,Trousers,Men
77,SLIM FIT CARGO TROUSERS,https://www.zara.com/in/en/slim-fit-cargo-trousers-p09252300.html,"[{'https://static.zara.net/photos///2023/I/0/2/p/9252/300/800/2/w/448/9252300800_1_1_1.jpg?ts=1691144900170': 'Image 0 of SLIM FIT CARGO TROUSERS from Zara'}, {'https://static.zara.net/photos///2023/I/0/2/p/9252/300/800/2/w/448/9252300800_2_1_1.jpg?ts=1691144901614': 'Image 1 of SLIM FIT CARGO TROUSERS from Zara'}]","₹3,990.00",Slim fit trousers. Front pockets and rear pocket details. Patch pockets with flaps on the legs. Front zip fly and button fastening.,Trousers,Men
78,STRAIGHT FIT CARGO TROUSERS,https://www.zara.com/in/en/straight-fit-cargo-trousers-p06917306.html,"[{'https://static.zara.net/photos///2023/I/0/2/p/6917/306/818/2/w/448/6917306818_2_1_1.jpg?ts=1691079127613': 'Image 0 of STRAIGHT FIT CARGO TROUSERS from Zara'}, {'https://static.zara.net/photos///2023/I/0/2/p/6917/306/818/2/w/0/6917306818_1_1_1.jpg?ts=1691079126929': 'Image 1 of STRAIGHT FIT CARGO TROUSERS from Zara'}]","₹3,990.00",Straight fit trousers. Front pockets and back flap pockets. Patch pockets with flaps on the legs. Adjustable hems with tab. Front zip fly and button fastening.,Trousers,Men
79,PLEATED TROUSERS,https://www.zara.com/in/en/pleated-trousers-p06332616.html,"[{'https://static.zara.net/photos///2023/I/0/2/p/6332/616/807/2/w/448/6332616807_1_1_1.jpg?ts=1692959379367': 'Image 0 of PLEATED TROUSERS from Zara'}, {'https://static.zara.net/photos///2023/I/0/2/p/6332/616/807/2/w/448/6332616807_2_1_1.jpg?ts=1692959379397': 'Image 1 of PLEATED TROUSERS from Zara'}]","₹4,990.00",Relaxed fit trousers. Waistband with front pleated details. Front pockets and rear welt pockets. Front zip fly and button fastening.,Trousers,Men
80,PLEATED TROUSERS WITH BELT,https://www.zara.com/in/en/pleated-trousers-with-belt-p00706605.html,"[{'https://static.zara.net/photos///2023/I/0/2/p/0706/605/800/2/w/448/0706605800_1_1_1.jpg?ts=1689763216484': 'Image 0 of PLEATED TROUSERS WITH BELT from Zara'}, {'https://static.zara.net/photos///2023/I/0/2/p/0706/605/800/2/w/448/0706605800_2_1_1.jpg?ts=1689763217443': 'Image 1 of PLEATED TROUSERS WITH BELT from Zara'}]","₹4,990.00",Relaxed fit trousers featuring a waist with front pleats and a belt in the same fabric. Front pockets and rear welt pockets. Front zip and button fastening.,Trousers,Men
81,COMFORT FIT JOGGER WAIST TROUSERS,https://www.zara.com/in/en/comfort-fit-jogger-waist-trousers-p02553310.html,"[{'https://static.zara.net/photos///2023/I/0/2/p/2553/310/916/2/w/448/2553310916_1_1_1.jpg?ts=1692776030192': 'Image 0 of COMFORT FIT JOGGER WAIST TROUSERS from Zara'}, {'https://static.zara.net/photos///2023/I/0/2/p/2553/310/916/2/w/448/2553310916_2_1_1.jpg?ts=1692776029772': 'Image 1 of COMFORT FIT JOGGER WAIST TROUSERS from Zara'}]","₹3,290.00",Trousers made of stretchy fabric. Adjustable inner elasticated waistband. Front and back pockets.,Trousers,Men
82,RELAXED-FIT TROUSERS WITH PLEATS,https://www.zara.com/in/en/relaxed-fit-trousers-with-pleats-p06861313.html,"[{'https://static.zara.net/photos///2023/I/0/2/p/6861/313/800/2/w/448/6861313800_1_1_1.jpg?ts=1692776632816': 'Image 0 of RELAXED-FIT TROUSERS WITH PLEATS from Zara'}, {'https://static.zara.net/photos///2023/I/0/2/p/6861/313/800/2/w/448/6861313800_2_1_1.jpg?ts=1692776632712': 'Image 1 of RELAXED-FIT TROUSERS WITH PLEATS from Zara'}]","₹3,990.00",Relaxed-fit trousers. Waistband with front pleated details. Front pockets and rear pockets with buttoned flaps. Front zip fly and button fastening.,Trousers,Men
83,PLEATED TROUSERS,https://www.zara.com/in/en/pleated-trousers-p06861336.html,"[{'https://static.zara.net/photos///2023/I/0/2/p/6861/336/800/2/w/448/6861336800_1_1_1.jpg?ts=1692181731410': 'Image 0 of PLEATED TROUSERS from Zara'}, {'https://static.zara.net/photos///2023/I/0/2/p/6861/336/800/2/w/448/6861336800_2_1_1.jpg?ts=1692181731665': 'Image 1 of PLEATED TROUSERS from Zara'}]","₹4,990.00",Straight fit trousers. Waist with front pleated details. Front pockets and rear pocket details. Turn-up hems. Front zip fly and button fastening.,Trousers,Men
84,100% WOOL SUIT TROUSERS - LIMITED EDITION,https://www.zara.com/in/en/100-wool-suit-trousers---limited-edition-p05830542.html,"[{'https://static.zara.net/photos///2023/I/0/2/p/5830/542/800/2/w/448/5830542800_1_1_1.jpg?ts=1689334797751': 'Image 0 of 100% WOOL SUIT TROUSERS - LIMITED EDITION from Zara'}, {'https://static.zara.net/photos///2023/I/0/2/p/5830/542/800/2/w/448/5830542800_2_1_1.jpg?ts=1689334798050': 'Image 1 of 100% WOOL SUIT TROUSERS - LIMITED EDITION from Zara'}]","₹5,990.00",Relaxed fit trousers with an elasticated waistband with front pleated details. Front pockets and rear jetted pockets. Hidden metal hook and zip fly front fastening.,Trousers,Men
85,100% WOOL SUIT TROUSERS,https://www.zara.com/in/en/100-wool-suit-trousers-p05956218.html,"[{'https://static.zara.net/photos///2023/I/0/2/p/5956/218/800/2/w/448/5956218800_1_1_1.jpg?ts=1691507789721': 'Image 0 of 100% WOOL SUIT TROUSERS from Zara'}, {'https://static.zara.net/photos///2023/I/0/2/p/5956/218/800/2/w/448/5956218800_2_1_1.jpg?ts=1691507789919': 'Image 1 of 100% WOOL SUIT TROUSERS from Zara'}]","₹5,990.00",Slim-fit trousers made of Italian wool fabric. Front pockets and back welt pockets with buttons. Hidden metal hook and zip fly fastening at the front.,Trousers,Men
86,100% WOOL SUIT TROUSERS,https://www.zara.com/in/en/100-wool-suit-trousers-p05956544.html,"[{'https://static.zara.net/photos///2023/I/0/2/p/5956/544/706/2/w/448/5956544706_1_1_1.jpg?ts=1692785577934': 'Image 0 of 100% WOOL SUIT TROUSERS from Zara'}, {'https://static.zara.net/photos///2023/I/0/2/p/5956/544/706/2/w/448/5956544706_2_1_1.jpg?ts=1692785579174': 'Image 1 of 100% WOOL SUIT TROUSERS from Zara'}]","₹5,990.00",Slim fit trousers made of Italian wool fabric. Front pockets and rear welt pockets. Front zip fly and crossover button fastening.,Trousers,Men
87,TECHNICAL TRAINING TROUSERS,https://www.zara.com/in/en/technical-training-trousers-p01698303.html,"[{'https://static.zara.net/photos///2023/I/0/2/p/1698/303/800/3/w/448/1698303800_1_1_1.jpg?ts=1693233016475': 'Image 0 of TECHNICAL TRAINING TROUSERS from Zara'}, {'https://static.zara.net/photos///2023/I/0/2/p/1698/303/800/3/w/448/1698303800_2_1_1.jpg?ts=1693233017047': 'Image 1 of TECHNICAL TRAINING TROUSERS from Zara'}]","₹3,290.00",Trousers made of lightweight and stretchy technical fabric.- Elastic waistband with drawstrings. - Front pockets with autolock zip fastening. - Hem with elasticated cuffs. - Printed logo detail.Zara Athleticz.View more,Trousers,Men
88,VISCOSE BLEND KNIT POLO SHIRT,https://www.zara.com/in/en/viscose-blend-knit-polo-shirt-p00304407.html,"[{'https://static.zara.net/photos///2023/I/0/2/p/6216/307/526/2/w/448/6216307526_1_1_1.jpg?ts=1692951291643': 'Image 0 of VISCOSE BLEND KNIT POLO SHIRT from Zara'}, {'https://static.zara.net/photos///2023/I/0/2/p/6216/307/526/2/w/448/6216307526_2_1_1.jpg?ts=1692951291033': 'Image 1 of VISCOSE BLEND KNIT POLO SHIRT from Zara'}]","₹2,590.00",Collared knit polo shirt made of a spun viscose blend. Button-up front. Short sleeves. Ribbed trims.,Polo Shirts,Men
89,STRIPED KNIT POLO SHIRT,https://www.zara.com/in/en/striped-knit-polo-shirt-p03284311.html,"[{'https://static.zara.net/photos///2023/I/0/2/p/3284/311/401/2/w/448/3284311401_1_1_1.jpg?ts=1692951286021': 'Image 0 of STRIPED KNIT POLO SHIRT from Zara'}, {'https://static.zara.net/photos///2023/I/0/2/p/3284/311/401/2/w/448/3284311401_2_1_1.jpg?ts=1692951291949': 'Image 1 of STRIPED KNIT POLO SHIRT from Zara'}]","₹3,290.00","Knit collared polo shirt made of spun cotton fabric. Front button fastening, long sleeves and ribbed trims.",Polo Shirts,Men
90,CONTRAST KNIT POLO SHIRT,https://www.zara.com/in/en/contrast-knit-polo-shirt-p03003306.html,"[{'https://static.zara.net/photos///2023/I/0/2/p/3003/306/700/2/w/448/3003306700_1_1_1.jpg?ts=1690360444523': 'Image 0 of CONTRAST KNIT POLO SHIRT from Zara'}, {'https://static.zara.net/photos///2023/I/0/2/p/3003/306/700/2/w/448/3003306700_2_1_1.jpg?ts=1690360445549': 'Image 1 of CONTRAST KNIT POLO SHIRT from Zara'}]","₹3,290.00",Collared knit polo shirt. Contrast button fastening on the front. Short sleeves. Ribbed trims.,Polo Shirts,Men
91,LYOCELL - COTTON KNIT POLO SHIRT,https://www.zara.com/in/en/lyocell---cotton-knit-polo-shirt-p05755320.html,"[{'https://static.zara.net/photos///2023/I/0/2/p/5755/320/401/2/w/448/5755320401_1_1_1.jpg?ts=1690965178757': 'Image 0 of LYOCELL - COTTON KNIT POLO SHIRT from Zara'}, {'https://static.zara.net/photos///2023/I/0/2/p/5755/320/401/2/w/448/5755320401_2_1_1.jpg?ts=1690965180764': 'Image 1 of LYOCELL - COTTON KNIT POLO SHIRT from Zara'}]","₹3,290.00","Collared knit polo shirt made of spun lyocell, cotton and silk blend fabric. Button-up front. Short sleeves. Ribbed trims.",Polo Shirts,Men
92,KNIT POLO SHIRT WITH ZIP,https://www.zara.com/in/en/knit-polo-shirt-with-zip-p06771302.html,"[{'https://static.zara.net/photos///2023/I/0/2/p/6771/302/800/2/w/448/6771302800_1_1_1.jpg?ts=1690975861353': 'Image 0 of KNIT POLO SHIRT WITH ZIP from Zara'}, {'https://static.zara.net/photos///2023/I/0/2/p/6771/302/800/2/w/448/6771302800_2_1_1.jpg?ts=1690975862695': 'Image 1 of KNIT POLO SHIRT WITH ZIP from Zara'}]","₹3,290.00",Knit polo shirt made of spun cotton fabric. Collar with zip fastening. Short sleeves. Ribbed trims.,Polo Shirts,Men
93,KNIT POLO SHIRT WITH ZIP,https://www.zara.com/in/en/knit-polo-shirt-with-zip-p02632303.html,"[{'https://static.zara.net/photos///2023/I/0/2/p/2632/303/401/2/w/448/2632303401_1_1_1.jpg?ts=1692954332364': 'Image 0 of KNIT POLO SHIRT WITH ZIP from Zara'}, {'https://static.zara.net/photos///2023/I/0/2/p/2632/303/401/2/w/0/2632303401_2_1_1.jpg?ts=1692954330098': 'Image 1 of KNIT POLO SHIRT WITH ZIP from Zara'}]","₹3,290.00",Knit polo shirt made of spun cotton fabric. Lapel collar with zip on the front. Long sleeves. Ribbed trims.,Polo Shirts,Men
94,POLO SWEATSHIRT,https://www.zara.com/in/en/polo-sweatshirt-p00526302.html,"[{'https://static.zara.net/photos///2023/I/0/2/p/0526/302/708/2/w/448/0526302708_2_1_1.jpg?ts=1692776632508': 'Image 0 of POLO SWEATSHIRT from Zara'}, {'https://static.zara.net/photos///2023/I/0/2/p/0526/302/708/2/w/448/0526302708_1_1_1.jpg?ts=1692776632231': 'Image 1 of POLO SWEATSHIRT from Zara'}]","₹3,290.00","Collared polo made of compact cotton fabric. Front button fastening, long sleeves and ribbed trims.",Polo Shirts,Men
95,TEXTURED CROCHET KNIT POLO SHIRT,https://www.zara.com/in/en/textured-crochet-knit-polo-shirt-p01023320.html,"[{'https://static.zara.net/photos///2023/I/0/2/p/1023/320/710/2/w/448/1023320710_1_1_1.jpg?ts=1692020568028': 'Image 0 of TEXTURED CROCHET KNIT POLO SHIRT from Zara'}, {'https://static.zara.net/photos///2023/I/0/2/p/1023/320/710/2/w/448/1023320710_2_1_1.jpg?ts=1692020569242': 'Image 1 of TEXTURED CROCHET KNIT POLO SHIRT from Zara'}]","₹3,990.00",Knit polo shirt with an open texture. Lapel collar with front opening. Short sleeves. Ribbed trims.,Polo Shirts,Men
96,TEXTURED CROCHET KNIT POLO SHIRT,https://www.zara.com/in/en/textured-crochet-knit-polo-shirt-p03003308.html,"[{'https://static.zara.net/photos///2023/I/0/2/p/3003/308/712/2/w/448/3003308712_1_1_1.jpg?ts=1692021898849': 'Image 0 of TEXTURED CROCHET KNIT POLO SHIRT from Zara'}, {'https://static.zara.net/photos///2023/I/0/2/p/3003/308/712/2/w/0/3003308712_2_1_1.jpg?ts=1692021900386': 'Image 1 of TEXTURED CROCHET KNIT POLO SHIRT from Zara'}]","₹3,990.00",Knit collared polo shirt with an open texture. Front button fastening. Long sleeves. Ribbed trims.,Polo Shirts,Men
97,COLOUR BLOCK KNIT POLO SHIRT WITH PATCHES,https://www.zara.com/in/en/colour-block-knit-polo-shirt-with-patches-p03166307.html,"[{'https://static.zara.net/photos///2023/I/0/2/p/3166/307/712/2/w/448/3166307712_1_1_1.jpg?ts=1690358713434': 'Image 0 of COLOUR BLOCK KNIT POLO SHIRT WITH PATCHES from Zara'}, {'https://static.zara.net/photos///2023/I/0/2/p/3166/307/712/2/w/448/3166307712_2_1_1.jpg?ts=1690358715279': 'Image 1 of COLOUR BLOCK KNIT POLO SHIRT WITH PATCHES from Zara'}]","₹3,990.00",Collared knit polo shirt in an irregular spun fabric. Button-up front. Short sleeves. Ribbed trims.,Polo Shirts,Men
98,TEXTURED POLO SHIRT,https://www.zara.com/in/en/textured-polo-shirt-p00526420.html,"[{'https://static.zara.net/photos///2023/I/0/2/p/0526/420/633/2/w/448/0526420633_1_1_1.jpg?ts=1688481986558': 'Image 0 of TEXTURED POLO SHIRT from Zara'}, {'https://static.zara.net/photos///2023/I/0/2/p/0526/420/633/2/w/448/0526420633_2_1_1.jpg?ts=1688481987897': 'Image 1 of TEXTURED POLO SHIRT from Zara'}]","₹2,290.00",Collared polo shirt with a button-up front and short sleeves. Split hem.,Polo Shirts,Men
99,POLO SWEATSHIRT,https://www.zara.com/in/en/polo-sweatshirt-p00526330.html,"[{'https://static.zara.net/photos///2023/I/0/2/p/0526/330/066/2/w/448/0526330066_1_1_1.jpg?ts=1692022320087': 'Image 0 of POLO SWEATSHIRT from Zara'}, {'https://static.zara.net/photos///2023/I/0/2/p/0526/330/066/2/w/0/0526330066_2_1_1.jpg?ts=1692022319806': 'Image 1 of POLO SWEATSHIRT from Zara'}]","₹3,290.00",Collared polo shirt with a buttoned front hidden by a placket. Long sleeves. Ribbed trims.,Polo Shirts,Men
100,TEXTURED KNIT POLO SHIRT,https://www.zara.com/in/en/textured-knit-polo-shirt-p09598308.html,"[{'https://static.zara.net/photos///2023/I/0/2/p/9598/308/712/2/w/448/9598308712_1_1_1.jpg?ts=1691746949192': 'Image 0 of TEXTURED KNIT POLO SHIRT from Zara'}, {'https://static.zara.net/photos///2023/I/0/2/p/9598/308/712/2/w/448/9598308712_2_1_1.jpg?ts=1691746949852': 'Image 1 of TEXTURED KNIT POLO SHIRT from Zara'}]","₹3,990.00",Loose-fitting knit polo shirt made of spun linen and cotton blend fabric. Featuring a collar and front button fastening. Long sleeves. Ribbed trims.,Polo Shirts,Men